[
  {
    "Q": "Wet/Organic waste",
    "I": [
      "https://getlivedata.000webhostapp.com/green.jpg",
      "https://getlivedata.000webhostapp.com/yellow.jpg",
      "https://getlivedata.000webhostapp.com/blue.jpg",
      "https://getlivedata.000webhostapp.com/red.jpg"
    ],
    "A": 1
  },
  {
    "Q": "Dry/Recyclable waste",
    "I": [
      "https://getlivedata.000webhostapp.com/green.jpg",
      "https://getlivedata.000webhostapp.com/yellow.jpg",
      "https://getlivedata.000webhostapp.com/blue.jpg",
      "https://getlivedata.000webhostapp.com/red.jpg"
    ],
    "A": 3
  },
  {
    "Q": "Electronic waste",
    "I": [
      "https://getlivedata.000webhostapp.com/green.jpg",
      "https://getlivedata.000webhostapp.com/yellow.jpg",
      "https://getlivedata.000webhostapp.com/blue.jpg",
      "https://getlivedata.000webhostapp.com/red.jpg"
    ],
    "A": 2
  },
  {
    "Q": "Reject waste",
    "I": [
      "https://getlivedata.000webhostapp.com/green.jpg",
      "https://getlivedata.000webhostapp.com/yellow.jpg",
      "https://getlivedata.000webhostapp.com/blue.jpg",
      "https://getlivedata.000webhostapp.com/red.jpg"
    ],
    "A": 4
  }
]