[
  {
    "topic": "કોમ્પેક્ટ ફ્લોરોસન્ટ લાઈટ્સ",
    "data": "ર્ઉર્જા બચાવવાનો અર્થ છે કે ઓછા ગ્રીનહાઉસ વાયુઓ હવામાં પ્રવેશ કરશે."
  },
  {
    "topic": "NIEHS ના 'કૃમિ Wigwams' સ્વાગત વિગ્લાય વેસ્ટ વોચર્સ",
    "data": "કાર્બનિક કચરોને ઉપયોગી લીલા ઘાસમાં ફેરવવા ખાતરનો ડબ્બો કૃમિનો ઉપયોગ કરે છે."
  },
  {
    "topic": "રિસાયકલ",
    "data": "તમારું રિસાયક્લિંગ મિશન અશક્ય નથી! હકીકતમાં, તે ખૂબ જ સરળ છે: રિસાયકલ કરી શકાય તેવી કોઈપણ વસ્તુને ફેંકી દો નહીં!"
  },
  {
    "topic": "કચરો ઓછો કરો",
    "data": "કચરો 'ઘટાડા' નો મુખ્ય ભાગ એ 'સંરક્ષણ' છે - કુદરતી સંસાધનોનો ઉપયોગ કુશળતાપૂર્વક કરવો, અને સામાન્ય કરતા ઓછો ઉપયોગ કરવા માટે કચરો ટાળો."
  },
  {
    "topic": "ફરીથી વાપરો",
    "data": "તમે સામગ્રીને ફેંકી દેવાને બદલે તેમના મૂળ સ્વરૂપમાં 'ફરીથી ઉપયોગ' કરી શકો છો, અથવા તે સામગ્રી અન્ય લોકો પર આપી શકો છો જેઓ તેનો ઉપયોગ કરી શકે છે!"
  },
  {
    "topic": "કૃમિ ખાતર",
    "data": "કચરોનો સારો ઉપયોગ કરવો!"
  }
]
