[
	{
		"Q":"What exactly is waste?" ,
		"A":"Waste is anything we throw away or get rid of, that doesn’t get used."
	},
	{
		"Q":"what is RRR?" ,
		"A":"Recycle, Reuse, Reduce"
	},
	{
		"Q":"what is Recycle?" ,
		"A":"Recycle—don’t just toss everything in the trash. Lots of things (like cans, bottles, paper, and cardboard) can be remade into either the same kind of thing or new products. Making new items from recycled ones also takes less energy and fewer resources than making products from brand new materials."
	},
	{
		"Q":"List of things you may be able to Recycle?",
		"A":"Metal,Newspaper,Paper,Plastic Bags,Plastic Bottles,Steel Cans,Writing/Copy Paper,Aluminum cans,Cardboard,Electronic equipment,Glass (particularly bottles and jars)"
	},
	{
		"Q":"what is Reduce?" ,
		"A":"Reduce/Reduction: to make something smaller or use less, resulting in a smaller amount of waste."
	},
	{
		"Q":"what is Reuse?" ,
		"A":"You can reuse materials in their original form instead of throwing them away, or pass those materials on to others who could use them too! Remember, one man's trash is another man's treasure! Here are some examples of reuse..."
	},
	{
		"Q":"what is Vermicomposting(Making Good Use of Garbage!)?" ,
		"A":"Worms can turn our old food into plant food. It's called vermicomposting.The Littlest Worm Echo Song.Vermicomposting can be fun, but it is also good for our planet!.Worms are good for the Earth.Worms are good for fishing."
	},
	{
		"Q":"what is types of west?" ,
		"A":"Liquid,Solid,Hazardous,Organic,Recyclable."
	},
	{
		"Q":"what is Environmental Effects?" ,
		"A":"Surface water contamination,Soil contamination,Pollution,Leachate."
	},
	{
		"Q":"what is Economic Effects?" ,
		"A":"Municipal wellbeing,Recycling revenue."
	}

]