[
  {
    "Q": "કચરો બરાબર શું છે?",
    "A": "'કચરો' એ કોઈપણ અનિચ્છનીય અથવા બિનઉપયોગી સામગ્રી છે. આ એવા પદાર્થો છે કે જેને રજા આપવામાં આવી છે કારણ કે આ સામગ્રી હવે કાર્યરત નથી."
  },
  {
    "Q": "આરઆરઆર શું છે?",
    "A": "પુનરાવર્તન, ફરીથી ઉપયોગ, ઘટાડો"
  },
  {
    "Q": "પુનહુપયોગ એટલે શું?",
    "A": "રિસાયક્લિંગ એ સ્ક્રેપ અથવા કચરાને પુનહપ્રાપ્ત કરવાની પ્રક્રિયા છે ,અને સામગ્રીને ઉપયોગી ઉત્પાદનોમાં પુન પુનહપ્રાપ્ત કરે છે."
  },
  {
    "Q": "તમે ફેરીયુયોગ કરી શકશો તેવી બાબતોની સૂચિ?",
    "A": "ધાતુ, અખબાર, કાગળ, પ્લાસ્ટિક બેગ્સ, પ્લાસ્ટિક બોટલ, સ્ટીલ કેન, લેખન / નકલ પેપર, એલ્યુમિનિયમ કેન, કાર્ડબોર્ડ, ઇલેક્ટ્રોનિક સાધનો, ગ્લાસ (ખાસ કરીને બાટલાઓ અને બરણીઓની)"
  },
  {
    "Q": "ઘટાડો શું છે?",
    "A": "ઘાટડાવુ / ઘટાડો: કંઈક નાનું બનાવવા અથવા ઓછું ઉપયોગ કરવા માટે, પરિણામે ઓછી માત્રામાં કચરો."
  },
  {
    "Q": "ફરીથી ઉપયોગ શું છે?",
    "A": "તમે સામગ્રીને ફેંકી દેવાને બદલે તેમના મૂળ સ્વરૂપમાં ફરીથી વાપરી શકો છો, અથવા તે સામગ્રી અન્ય લોકો પર આપી શકો છો જેઓ તેનો ઉપયોગ કરી શકે છે! યાદ રાખો, એક માણસનો કચરો એ બીજા માણસનો ખજાનો છે! અહીં ફરીથી ઉપયોગના કેટલાક ઉદાહરણો છે ..."
  },
  {
    "Q": "વર્મિકમ્પોસ્ટિંગ એટલે શું (કચરાનો સારો ઉપયોગ કરવો!)?",
    "A": "કૃમિ આપણા જૂના ખોરાકને છોડના આહારમાં ફેરવી શકે છે. તેને વર્મી કમ્પોસ્ટિંગ કહેવામાં આવે છે. લિટલસ્ટ વોર્મ ઇકો સોંગ. વર્મિક કમ્પોસ્ટિંગ આનંદદાયક હોઈ શકે છે, પરંતુ તે આપણા ગ્રહ માટે પણ સારું છે !.કૃષ્ણો પૃથ્વી માટે સારા છે. કૃમિ માછલી પકડવા માટે સારી છે."
  },
  {
    "Q": "કચરો કયા પ્રકારનો છે?",
    "A": "લિક્વિડ, સોલિડ, જોખમી, ઓર્ગેનિક, રિસાયક્લેબલ."
  },
  {
    "Q": "પર્યાવરણીય અસરો શું છે?",
    "A": "સપાટીના પાણીના દૂષણ, માટીના દૂષણ, પ્રદૂષણ, લેચેટ."
  },
  {
    "Q": "આર્થિક અસરો શું છે?",
    "A": "મ્યુનિસિપલ સુખાકારી, રિસાયક્લિંગ આવક."
  }

]