[
  {
    "Q": "નીચેનામાંથી કયા પ્લાસ્ટિકના ઉત્પાદનમાં વપરાય છે?",
    "O": [
      "પારો",
      "લીડ",
      "વિનાઇલ ક્લોરાઇડ",
      "આ કંઈ નથી"
    ],
    "A": "વિનાઇલ ક્લોરાઇડ"
  },
  {
    "Q": "સામાન્ય વરસાદનું પીએચ મૂલ્ય કેટલું છે?",
    "O": [
      1,
      5.6,
      7,
      5
    ],
    "A": 5.6
  },
  {
    "Q": "આર, આર અને આર શું છે?",
    "O": [
      "રિસાયકલ, ફરીથી ઉપયોગ, ઘટાડો",
      "રબિટ, રોબ, રોબિન",
      "રસ્ટ, રાશિંગ, રોક",
      "રાશી, રોગ, રાગનારોક"
    ],
    "A": "રિસાયકલ, ફરીથી ઉપયોગ, ઘટાડો"
  },
  {
    "Q": "કચરો હટાવવાની સ્થાપિત સિસ્ટમ માટેનું પ્રથમ શહેર કયું હતું?",
    "O": [
      "લાહોર",
      "એથેન્સ",
      "પેરિસ",
      "લંડન"
    ],
    "A": "એથેન્સ"
  },
  {
    "Q": "કચરો બર્ન કરવો એ નક્કર કચરાના વ્યવસ્થાપનની સ્વીકૃત પ્રથા કેમ નથી?",
    "O": [
      "કારણ કે તે ખૂબ મોંઘું છે",
      "કારણ કે તેમાં આધુનિક તકનીકીઓની જરૂર છે",
      "કારણ કે તે અનેક પર્યાવરણીય સમસ્યાઓનું કારણ બને છે",
      "કારણ કે તેમાં ઘણી જગ્યાની જરૂર છે"
    ],
    "A": "કારણ કે તે અનેક પર્યાવરણીય સમસ્યાઓનું કારણ બને છે"
  },
  {
    "Q": "નક્કર કચરાના નિકાલ માટે આપણે શું યોજના બનાવવી જોઈએ?",
    "O": [
      "એકીકૃત કચરો વ્યવસ્થાપન યોજના",
      "કચરો વ્યવસ્થાપન યોજનાની રિસાયક્લિંગ",
      "કચરો વ્યવસ્થાપન યોજના ઘટાડવી",
      "કચરો વ્યવસ્થાપન યોજનાનો ઉપયોગ"
    ],
    "A": "એકીકૃત કચરો વ્યવસ્થાપન યોજના"
  },
  {
    "Q": "‘મ્યુનિસિપલ નક્કર કચરો’ શબ્દનો ઉપયોગ કયા પ્રકારનાં નક્કર કચરાના વર્ણન માટે થાય છે?",
    "O": [
      "જોખમી",
      "ઝેરી",
      "બિન જોખમી",
      "બિન ઝેરી"
    ],
    "A": "જોખમી"
  },
  {
    "Q": "સંકલિત કચરો વ્યવસ્થાપન કેટલા મુખ્ય ઘટકો છે?",
    "O": [
      "એક",
      "બે",
      "ત્રણ",
      "ચાર"
    ],
    "A": "ત્રણ"
  },
  {
    "Q": "વ્યક્તિગત સ્તરે કઇ સંકલિત કચરો વ્યવસ્થાપન ઘટાડવામાં આવે છે?",
    "O": [
      "સ્રોત ઘટાડો",
      "રિસાયક્લિંગ",
      "નિકાલ",
      "બર્નિંગ"
    ],
    "A": "સ્રોત ઘટાડો"
  },
  {
    "Q": "નીચેનામાંથી ક્યા વખતથી ઘણી વખત રિસાયકલ કરી શકાય છે?",
    "O": [
      "પ્લાસ્ટિક",
      "લાકડું",
      "કાર્બનિક સામગ્રી",
      "એલ્યુમિનિયમ"
    ],
    "A": "એલ્યુમિનિયમ"
  },
  {
    "Q": "પ્લાસ્ટિકને ફરી વાપરી શકાય  કરવું કેમ મુશ્કેલ છે?",
    "O": [
      "કારણ કે તે ખૂબ સખત સામગ્રી છે",
      "કારણ કે તે તેના સ્વભાવમાં ખૂબ જ એડહેસિવ છે",
      "વિવિધ પ્રકારના પોલિમર રેઝિનને કારણે",
      "પ્લાસ્ટિકના વિવિધ કદના કારણે"
    ],
    "A": "પ્લાસ્ટિકના વિવિધ કદના કારણે"
  }
]